"quality","count","proportion"
"3",20,0.00384763370527126
"4",178,0.0342439399769142
"5",1701,0.32724124663332
"6",2269,0.436514043863024
"7",867,0.166794921123509
"8",158,0.0303963062716429
"9",5,0.000961908426317815
